{
    "best_parameters": {
        "n_trees": 80,
        "max_depth": 16,
        "min_samples_split": 2,
        "criterion": "gini"
    },
    "metrics": {
        "accuracy": 0.8849230769230769,
        "precision": 0.8862342661457042,
        "recall": 0.8849230769230769
    }
}